{"cameraMode":{"drawMode":0,"name":"Shaded","section":"Shading Mode"},"sceneLighting":false,"audioPlay":false,"sceneViewState":{"m_AlwaysRefresh":false,"showFog":true,"showSkybox":false,"showFlares":true,"showImageEffects":true,"showParticleSystems":true,"showVisualEffectGraphs":true,"m_FxEnabled":true},"in2DMode":false,"pivot":{"x":8.306243896484375,"y":16.64263916015625,"z":1.3343881368637086},"rotation":{"x":0.01646336354315281,"y":0.06594313681125641,"z":-0.0010881609050557018,"w":0.9976873397827148},"size":43.605342864990237,"orthographic":false}